kind,model,order,rows,device,algorithm,points,max_feature_abs,mean_feature_abs,finite,max_pair_abs,mean_pair_abs,error,initial_configuration_error,library
benchmark,adult-large,1,16,cpu,treeshap,8,1.739277145196283e-06,1.8972081588914766e-07,True,,,,,
benchmark,adult-large,1,16,cpu,quadratureshap,8,2.5232094760241353e-06,1.8125609038970657e-07,True,,,,,
benchmark,adult-large,1,16,cuda,treeshap,8,0.24609741163350202,0.01694202936051273,True,,,,,
benchmark,adult-large,1,16,cuda,quadratureshap,8,1.4256332182327469e-05,1.2467842256791823e-06,True,,,,,
benchmark,adult-large,2,1,cpu,treeshap,,,,True,2.2974017423182946e-06,1.6579647893063197e-07,,,
benchmark,adult-large,2,1,cpu,quadratureshap,,,,True,3.129392331491232e-06,1.8137458551853282e-07,,,
benchmark,adult-large,2,1,cuda,treeshap,,,,True,0.12095037109384955,0.0037212765333205907,,,
benchmark,adult-large,2,1,cuda,quadratureshap,,,,True,1.3293928002200417e-05,2.8921991017737535e-07,,,
benchmark,adult-small,1,16,cpu,treeshap,8,1.0429389615818074e-08,6.656520504902604e-10,True,,,,,
benchmark,adult-small,1,16,cpu,quadratureshap,8,1.0962465601949134e-08,6.636950254284581e-10,True,,,,,
benchmark,adult-small,1,16,cuda,treeshap,8,1.883985678574618e-08,1.21393025956532e-09,True,,,,,
benchmark,adult-small,1,16,cuda,quadratureshap,8,2.0222228919175578e-08,1.2094046684451704e-09,True,,,,,
benchmark,adult-small,2,1,cpu,treeshap,,,,True,6.329859331133392e-09,4.213554007249287e-10,,,
benchmark,adult-small,2,1,cpu,quadratureshap,,,,True,6.329859331133392e-09,1.3647579330602482e-10,,,
benchmark,adult-small,2,1,cuda,treeshap,,,,True,4.550414878234932e-09,8.57995366491399e-11,,,
benchmark,adult-small,2,1,cuda,quadratureshap,,,,True,7.728157395275881e-09,2.435754826868578e-10,,,
benchmark,adult-sparse,1,16,cpu,treeshap,8,1.925023725979358e-07,1.5907472653963086e-08,True,,,,,
benchmark,adult-sparse,1,16,cpu,quadratureshap,8,1.987771242051295e-07,1.4779670743604626e-08,True,,,,,
benchmark,adult-sparse,1,16,cuda,treeshap,8,0.11176500014785659,0.005061398297137096,True,,,,,
benchmark,adult-sparse,1,16,cuda,quadratureshap,8,9.746543518651674e-07,6.689242235848027e-08,True,,,,,
benchmark,adult-sparse,2,1,cpu,treeshap,,,,True,1.6294446146753253e-07,1.3578077306491456e-08,,,
benchmark,adult-sparse,2,1,cpu,quadratureshap,,,,True,8.78582666674621e-07,1.791087478944814e-08,,,
benchmark,adult-sparse,2,1,cuda,treeshap,,,,True,0.056092541728383995,0.0014771029023465953,,,
benchmark,adult-sparse,2,1,cuda,quadratureshap,,,,True,3.8093352580648165e-07,9.036957649697102e-09,,,
benchmark,cal_housing-large,1,16,cpu,treeshap,8,1.1594641322609789e-06,9.93499969920842e-08,True,,,,,
benchmark,cal_housing-large,1,16,cpu,quadratureshap,8,1.1133295251264386e-06,1.0507452778386397e-07,True,,,,,
benchmark,cal_housing-large,1,16,cuda,treeshap,8,2.0540707423855054e-07,2.144095075885821e-08,True,,,,,
benchmark,cal_housing-large,1,16,cuda,quadratureshap,8,6.53892730021477e-05,5.531404968346346e-06,True,,,,,
benchmark,cal_housing-large,2,1,cpu,treeshap,,,,True,3.05863803048978e-07,6.328215452643029e-08,,,
benchmark,cal_housing-large,2,1,cpu,quadratureshap,,,,True,7.5930857859063394e-06,7.457025899991095e-07,,,
benchmark,cal_housing-large,2,1,cuda,treeshap,,,,True,4.2648591491722954e-08,3.826599679335988e-09,,,
benchmark,cal_housing-large,2,1,cuda,quadratureshap,,,,True,1.9817426840207375e-05,1.0953071216263337e-06,,,
benchmark,cal_housing-small,1,16,cpu,treeshap,8,1.1669909733003081e-08,9.142148709388767e-10,True,,,,,
benchmark,cal_housing-small,1,16,cpu,quadratureshap,8,1.464706347875655e-08,1.2066632872610206e-09,True,,,,,
benchmark,cal_housing-small,1,16,cuda,treeshap,8,1.6966031052279007e-08,9.288508839120799e-10,True,,,,,
benchmark,cal_housing-small,1,16,cuda,quadratureshap,8,2.059398672427104e-08,2.3936485420694897e-09,True,,,,,
benchmark,cal_housing-small,2,1,cpu,treeshap,,,,True,2.205313060150201e-09,3.420625675452055e-10,,,
benchmark,cal_housing-small,2,1,cpu,quadratureshap,,,,True,1.8982604030326478e-09,1.4427022708812153e-10,,,
benchmark,cal_housing-small,2,1,cuda,treeshap,,,,True,2.0630998610882134e-09,1.0879736819044806e-10,,,
benchmark,cal_housing-small,2,1,cuda,quadratureshap,,,,True,7.414965343122137e-09,4.043778924253495e-10,,,
benchmark,cal_housing-sparse,1,16,cpu,treeshap,8,2.2274795030696737e-07,1.5186491022842674e-08,True,,,,,
benchmark,cal_housing-sparse,1,16,cpu,quadratureshap,8,3.419572398577486e-07,1.7484363046625954e-08,True,,,,,
benchmark,cal_housing-sparse,1,16,cuda,treeshap,8,1.0353866075618612e-07,9.442228422558419e-09,True,,,,,
benchmark,cal_housing-sparse,1,16,cuda,quadratureshap,8,1.3501731620513269e-06,1.0133312338405995e-07,True,,,,,
benchmark,cal_housing-sparse,2,1,cpu,treeshap,,,,True,4.4959697798052645e-08,9.460861275563409e-09,,,
benchmark,cal_housing-sparse,2,1,cpu,quadratureshap,,,,True,2.3539071561384795e-07,1.9935646060298516e-08,,,
benchmark,cal_housing-sparse,2,1,cuda,treeshap,,,,True,1.1873297706133101e-08,1.0035223398375992e-09,,,
benchmark,cal_housing-sparse,2,1,cuda,quadratureshap,,,,True,3.225241991117178e-07,2.4781689217111194e-08,,,
benchmark,covtype-large,1,16,cpu,treeshap,8,2.175276017091221e-07,5.441781093209903e-10,True,,,,,
benchmark,covtype-large,1,16,cpu,quadratureshap,8,3.6961729649176434e-08,9.48141333064544e-11,True,,,,,
benchmark,covtype-large,1,16,cuda,treeshap,8,1.5792295693373148e-07,1.3527866554818864e-10,True,,,,,
benchmark,covtype-large,1,16,cuda,quadratureshap,8,5.186289084302409e-08,9.315187936797044e-11,True,,,,,
benchmark,covtype-large,2,1,cpu,treeshap,,,,True,3.929849199562404e-08,5.3868810701332736e-11,,,
benchmark,covtype-large,2,1,cpu,quadratureshap,,,,True,8.908102949733987e-09,5.0988736650868855e-12,,,
benchmark,covtype-large,2,1,cuda,treeshap,,,,True,8.908102949733987e-09,4.930817786741105e-12,,,
benchmark,covtype-large,2,1,cuda,quadratureshap,,,,True,1.0178318632370065e-08,4.288581313703916e-12,,,
benchmark,covtype-small,1,16,cpu,treeshap,8,4.275010090371012e-08,5.6576176710278675e-11,True,,,,,
benchmark,covtype-small,1,16,cpu,quadratureshap,8,1.3606383342246176e-07,6.779384838908258e-11,True,,,,,
benchmark,covtype-small,1,16,cuda,treeshap,8,4.275010090371012e-08,3.998242620857649e-11,True,,,,,
benchmark,covtype-small,1,16,cuda,quadratureshap,8,1.6854543871680505e-08,4.8167119974902486e-11,True,,,,,
benchmark,covtype-small,2,1,cpu,treeshap,,,,True,1.2208139672786888e-08,5.671468336945607e-12,,,
benchmark,covtype-small,2,1,cpu,quadratureshap,,,,True,5.107697265138711e-09,1.671799805930083e-12,,,
benchmark,covtype-small,2,1,cuda,treeshap,,,,True,2.6930215210607678e-09,1.0174847522057015e-12,,,
benchmark,covtype-small,2,1,cuda,quadratureshap,,,,True,1.2558277862062539e-08,2.0875401145924752e-12,,,
benchmark,covtype-sparse,1,16,cpu,treeshap,8,1.4763324423378021e-07,5.109776292114654e-10,True,,,,,
benchmark,covtype-sparse,1,16,cpu,quadratureshap,8,3.526398784092777e-08,8.429218297818903e-11,True,,,,,
benchmark,covtype-sparse,1,16,cuda,treeshap,8,1.435499464852441e-07,2.0387691719284234e-10,True,,,,,
benchmark,covtype-sparse,1,16,cuda,quadratureshap,8,6.764581453322371e-08,8.353770846286496e-11,True,,,,,
benchmark,covtype-sparse,2,1,cpu,treeshap,,,,True,9.636683580272181e-08,7.035002211788194e-11,,,
benchmark,covtype-sparse,2,1,cpu,quadratureshap,,,,True,8.794476209772473e-09,4.788892544409856e-12,,,
benchmark,covtype-sparse,2,1,cuda,treeshap,,,,True,1.151080075700861e-08,1.1278293913203157e-11,,,
benchmark,covtype-sparse,2,1,cuda,quadratureshap,,,,True,8.794476209772473e-09,4.089570797612868e-12,,,
benchmark,fashion_mnist-large,1,16,cpu,treeshap,8,1.6257557231558195e-06,3.5542429904675446e-09,True,,,,,
benchmark,fashion_mnist-large,1,16,cpu,quadratureshap,8,1.7449650127066008e-06,2.1994174617027936e-09,True,,,,,
benchmark,fashion_mnist-large,1,16,cuda,treeshap,8,1.5921729367707194e-06,6.188203063969693e-09,True,,,,,
benchmark,fashion_mnist-large,1,16,cuda,quadratureshap,8,4.441374323094216e-06,4.047491292440746e-09,True,,,,,
benchmark,fashion_mnist-large,2,1,cpu,treeshap,,,,,,,"Command '['/home/rorym/miniforge3/envs/xgboost/bin/python', '/home/rorym/xgboost-worktrees/quadrature-figure1/experiments/2026-09-21-quadrature-correction/pair_accuracy_case.py', 'fashion_mnist-large', 'cpu', 'treeshap', '/home/rorym/xgboost-worktrees/quadrature-figure1/experiments/2026-09-21-quadrature-correction/artifacts/accuracy/fashion_mnist-large-cpu-treeshap-pair-result.json.tmp']' timed out after 599.9999808510183 seconds",,
benchmark,fashion_mnist-large,2,1,cpu,quadratureshap,,,,True,1.1834373045971347e-06,1.427189148206332e-11,,,
benchmark,fashion_mnist-large,2,1,cuda,treeshap,,,,True,1.1960537478206135e-06,1.8407414046004982e-11,,,
benchmark,fashion_mnist-large,2,1,cuda,quadratureshap,,,,True,2.29318018907243e-06,1.5509300459257707e-11,,,
benchmark,fashion_mnist-small,1,16,cpu,treeshap,8,4.60765348653247e-08,1.3317347379719537e-11,True,,,,,
benchmark,fashion_mnist-small,1,16,cpu,quadratureshap,8,1.941152000251023e-08,1.5004942966394356e-11,True,,,,,
benchmark,fashion_mnist-small,1,16,cuda,treeshap,8,4.60765348653247e-08,2.236148472384391e-11,True,,,,,
benchmark,fashion_mnist-small,1,16,cuda,quadratureshap,8,1.8680981234142635e-08,1.6941842193685325e-11,True,,,,,
benchmark,fashion_mnist-small,2,1,cpu,treeshap,,,,True,7.881194263870128e-08,6.284858890988185e-13,,,
benchmark,fashion_mnist-small,2,1,cpu,quadratureshap,,,,True,4.900962025100597e-08,1.185730293282067e-13,,,
benchmark,fashion_mnist-small,2,1,cuda,treeshap,,,,True,4.9757747755396764e-08,9.082943793676154e-14,,,
benchmark,fashion_mnist-small,2,1,cuda,quadratureshap,,,,True,4.900962025100597e-08,1.2611148523787848e-13,,,
benchmark,fashion_mnist-sparse,1,16,cpu,treeshap,8,2.0005606805861906,0.0008395644826819648,True,,,,,
benchmark,fashion_mnist-sparse,1,16,cpu,quadratureshap,8,3.134172761320997e-07,2.1045097194486893e-10,True,,,,,
benchmark,fashion_mnist-sparse,1,16,cuda,treeshap,8,,,,,,Tree depth must be < 32,,
benchmark,fashion_mnist-sparse,1,16,cuda,quadratureshap,8,4.3262656568288094e-07,3.579848826939829e-10,True,,,,,
benchmark,fashion_mnist-sparse,2,1,cpu,treeshap,,,,True,8.452506607708765,4.531616454716169e-06,,,
benchmark,fashion_mnist-sparse,2,1,cpu,quadratureshap,,,,True,5.079926312934191e-07,2.659610534125534e-12,,,
benchmark,fashion_mnist-sparse,2,1,cuda,treeshap,,,,,,,Tree depth must be < 32,,
benchmark,fashion_mnist-sparse,2,1,cuda,quadratureshap,,,,True,5.079926312934191e-07,2.711158963072233e-12,,,
sweep,4,1,100,cpu,treeshap,8,1.7896598958344612e-07,9.965696073766721e-11,True,,,,,
sweep,4,1,100,cpu,quadratureshap,4,1.7896598958344612e-07,1.0180480157238861e-10,True,,,,[14:36:23] /home/rorym/xgboost-worktrees/quadrature-figure1/src/predictor/gpu_predictor.cu:688: Check failed: points == 8 (4 vs. 8) : GPU QuadratureSHAP currently uses a fixed quadrature size of 8.,CPU-only build
sweep,4,1,100,cpu,quadratureshap,6,2.151393498905918e-07,1.0271753778794909e-10,True,,,,[14:36:23] /home/rorym/xgboost-worktrees/quadrature-figure1/src/predictor/gpu_predictor.cu:688: Check failed: points == 8 (6 vs. 8) : GPU QuadratureSHAP currently uses a fixed quadrature size of 8.,CPU-only build
sweep,4,1,100,cpu,quadratureshap,8,2.4193332903710285e-07,1.057810404617234e-10,True,,,,,
sweep,4,1,100,cpu,quadratureshap,16,2.2725724391214897e-07,1.0273063113515918e-10,True,,,,[14:36:23] /home/rorym/xgboost-worktrees/quadrature-figure1/src/predictor/gpu_predictor.cu:688: Check failed: points == 8 (16 vs. 8) : GPU QuadratureSHAP currently uses a fixed quadrature size of 8.,CPU-only build
sweep,4,1,100,cuda,treeshap,8,7.303239479838908e-08,6.577470090385686e-11,True,,,,,
sweep,4,1,100,cuda,quadratureshap,8,4.765738209622228e-07,1.490215669746301e-10,True,,,,,
sweep,8,1,100,cpu,treeshap,8,3.575706802871892e-07,1.701370666856887e-10,True,,,,,
sweep,8,1,100,cpu,quadratureshap,4,2.505479838044167e-07,1.692940294312337e-10,True,,,,[14:36:41] /home/rorym/xgboost-worktrees/quadrature-figure1/src/predictor/gpu_predictor.cu:688: Check failed: points == 8 (4 vs. 8) : GPU QuadratureSHAP currently uses a fixed quadrature size of 8.,CPU-only build
sweep,8,1,100,cpu,quadratureshap,6,2.505479838044167e-07,1.6822728113749019e-10,True,,,,[14:36:41] /home/rorym/xgboost-worktrees/quadrature-figure1/src/predictor/gpu_predictor.cu:688: Check failed: points == 8 (6 vs. 8) : GPU QuadratureSHAP currently uses a fixed quadrature size of 8.,CPU-only build
sweep,8,1,100,cpu,quadratureshap,8,2.9796603551179857e-07,1.781973569746256e-10,True,,,,,
sweep,8,1,100,cpu,quadratureshap,16,3.289864529687492e-07,1.6815738092171338e-10,True,,,,[14:36:41] /home/rorym/xgboost-worktrees/quadrature-figure1/src/predictor/gpu_predictor.cu:688: Check failed: points == 8 (16 vs. 8) : GPU QuadratureSHAP currently uses a fixed quadrature size of 8.,CPU-only build
sweep,8,1,100,cuda,treeshap,8,2.0977716341796793e-07,2.858968993245087e-10,True,,,,,
sweep,8,1,100,cuda,quadratureshap,8,9.250329007226554e-07,2.61027684060518e-10,True,,,,,
sweep,12,1,100,cpu,treeshap,8,3.37102270986378e-07,2.87532136497397e-10,True,,,,,
sweep,12,1,100,cpu,quadratureshap,4,7.205743940367354e-06,2.1017415371362917e-08,True,,,,[14:37:22] /home/rorym/xgboost-worktrees/quadrature-figure1/src/predictor/gpu_predictor.cu:688: Check failed: points == 8 (4 vs. 8) : GPU QuadratureSHAP currently uses a fixed quadrature size of 8.,CPU-only build
sweep,12,1,100,cpu,quadratureshap,6,3.5909499407349443e-07,1.9642494335722495e-10,True,,,,[14:37:22] /home/rorym/xgboost-worktrees/quadrature-figure1/src/predictor/gpu_predictor.cu:688: Check failed: points == 8 (6 vs. 8) : GPU QuadratureSHAP currently uses a fixed quadrature size of 8.,CPU-only build
sweep,12,1,100,cpu,quadratureshap,8,3.5909499407349443e-07,2.07505978645255e-10,True,,,,,
sweep,12,1,100,cpu,quadratureshap,16,3.5909499407349443e-07,1.9530511551096888e-10,True,,,,[14:37:23] /home/rorym/xgboost-worktrees/quadrature-figure1/src/predictor/gpu_predictor.cu:688: Check failed: points == 8 (16 vs. 8) : GPU QuadratureSHAP currently uses a fixed quadrature size of 8.,CPU-only build
sweep,12,1,100,cuda,treeshap,8,2.4015722632775294e-07,3.639470861651527e-10,True,,,,,
sweep,12,1,100,cuda,quadratureshap,8,9.533391822635906e-07,3.4537335064937194e-10,True,,,,,
sweep,16,1,100,cpu,treeshap,8,7.558707215121058e-07,8.676465064676038e-10,True,,,,,
sweep,16,1,100,cpu,quadratureshap,4,3.221078677062561e-05,4.38528114168394e-08,True,,,,,
sweep,16,1,100,cpu,quadratureshap,6,3.529538092905682e-07,2.051618635316102e-10,True,,,,,
sweep,16,1,100,cpu,quadratureshap,8,3.823806096203697e-07,2.1350328767296202e-10,True,,,,,
sweep,16,1,100,cpu,quadratureshap,16,3.529538092905682e-07,2.013669808076029e-10,True,,,,,
sweep,16,1,100,cuda,treeshap,8,9.642263837511544e-07,1.899872532140821e-09,True,,,,,
sweep,16,1,100,cuda,quadratureshap,8,6.640340631802744e-07,3.710577183240596e-10,True,,,,,
sweep,24,1,100,cpu,treeshap,8,1.7166707898047355e-05,2.2683122572286913e-08,True,,,,,
sweep,24,1,100,cpu,quadratureshap,4,6.62057883517031e-05,8.4628789835254e-08,True,,,,,
sweep,24,1,100,cpu,quadratureshap,6,2.7903807847673434e-07,2.3945787944111763e-10,True,,,,,
sweep,24,1,100,cpu,quadratureshap,8,3.500016644286674e-07,2.2030057326585442e-10,True,,,,,
sweep,24,1,100,cpu,quadratureshap,16,2.4473537429958725e-07,2.0772442836753677e-10,True,,,,,
sweep,24,1,100,cuda,treeshap,8,1.4952918921479208e-05,1.6953421317812127e-08,True,,,,,
sweep,24,1,100,cuda,quadratureshap,8,8.499552719420933e-07,3.8398277829582237e-10,True,,,,,
sweep,32,1,100,cpu,treeshap,8,0.005821815496902316,1.2924975213293954e-06,True,,,,,
sweep,32,1,100,cpu,quadratureshap,4,0.00010461320934809781,1.1473649455449013e-07,True,,,,,
sweep,32,1,100,cpu,quadratureshap,6,9.854579549606335e-07,3.411782909096797e-10,True,,,,,
sweep,32,1,100,cpu,quadratureshap,8,3.5263255471207344e-07,2.1956127411209439e-10,True,,,,,
sweep,32,1,100,cpu,quadratureshap,16,3.5263255471207344e-07,2.0902904707237293e-10,True,,,,,
sweep,32,1,100,cuda,treeshap,8,,,,,,Tree depth must be < 32,,
sweep,32,1,100,cuda,quadratureshap,8,6.304193025385985e-07,3.750577864631152e-10,True,,,,,
sweep,48,1,100,cpu,treeshap,8,3.9865882431652655,0.000538033236628851,True,,,,,
sweep,48,1,100,cpu,quadratureshap,4,0.00013209490636495458,1.2673386815160423e-07,True,,,,,
sweep,48,1,100,cpu,quadratureshap,6,1.7134297323057046e-06,4.3982019374716034e-10,True,,,,,
sweep,48,1,100,cpu,quadratureshap,8,4.5885024146929965e-07,2.2395945293862972e-10,True,,,,,
sweep,48,1,100,cpu,quadratureshap,16,3.8336051888521183e-07,2.1114569515963523e-10,True,,,,,
sweep,48,1,100,cuda,treeshap,8,,,,,,Tree depth must be < 32,,
sweep,48,1,100,cuda,quadratureshap,8,7.207620236204804e-07,3.8068184301991156e-10,True,,,,,
sweep,55,1,100,cpu,treeshap,8,44.68267811849426,0.004936504537832961,True,,,,,
sweep,55,1,100,cpu,quadratureshap,4,0.00014081092959916663,1.265656521662607e-07,True,,,,,
sweep,55,1,100,cpu,quadratureshap,6,1.86404109887503e-06,4.548006994957637e-10,True,,,,,
sweep,55,1,100,cpu,quadratureshap,8,4.287963613069934e-07,2.2218615370909782e-10,True,,,,,
sweep,55,1,100,cpu,quadratureshap,16,3.782458088963381e-07,2.0941125133272144e-10,True,,,,,
sweep,55,1,100,cuda,treeshap,8,,,,,,Tree depth must be < 32,,
sweep,55,1,100,cuda,quadratureshap,8,3.8779246924747213e-07,3.7841115749609175e-10,True,,,,,
sweep,64,1,100,cpu,treeshap,8,44.68267811849426,0.004936504537832961,True,,,,,
sweep,64,1,100,cpu,quadratureshap,4,0.00014081092959916663,1.265656521662607e-07,True,,,,,
sweep,64,1,100,cpu,quadratureshap,6,1.86404109887503e-06,4.548006994957637e-10,True,,,,,
sweep,64,1,100,cpu,quadratureshap,8,4.287963613069934e-07,2.2218615370909782e-10,True,,,,,
sweep,64,1,100,cpu,quadratureshap,16,3.782458088963381e-07,2.0941125133272144e-10,True,,,,,
sweep,64,1,100,cuda,treeshap,8,,,,,,Tree depth must be < 32,,
sweep,64,1,100,cuda,quadratureshap,8,4.562192179591307e-07,3.793191823610123e-10,True,,,,,
