model,device,algorithm,order,rows,mean_s,std_s,library,status,finite,mean_efficiency_error,max_efficiency_error,sample_1_s,sample_2_s,sample_3_s,max_row_sum_error,mean_row_sum_error,max_asymmetry,error
adult-large,cpu,quadratureshap,1,1000,1.8681249526756194,0.12036873414971583,/home/rorym/xgboost-worktrees/quadrature-figure1/experiments/2026-09-21-quadrature-correction/artifacts/python-gpu/xgboost/lib/libxgboost.so,ok,True,2.1956861928629223e-06,1.1920928955078125e-05,2.019638344005216,1.8595673450035974,1.725169169018045,,,,
adult-large,cpu,quadratureshap,2,100,1.446022091336393,0.08405320059525616,/home/rorym/xgboost-worktrees/quadrature-figure1/experiments/2026-09-21-quadrature-correction/artifacts/python-gpu/xgboost/lib/libxgboost.so,ok,True,,,1.4102938339929096,1.5620698719867505,1.3657025680295192,1.8358230590820312e-05,1.1884430932695977e-06,0.0,
adult-large,cpu,treeshap,1,1000,7.002117499670324,0.10083788669158052,/home/rorym/xgboost-worktrees/quadrature-figure1/experiments/2026-09-21-quadrature-correction/artifacts/python-gpu/xgboost/lib/libxgboost.so,ok,True,2.291239752594265e-06,1.1444091796875e-05,6.9744415350141935,7.137108071008697,6.894802892988082,,,,
adult-large,cpu,treeshap,2,100,23.13739949334801,0.8222611215098975,/home/rorym/xgboost-worktrees/quadrature-figure1/experiments/2026-09-21-quadrature-correction/artifacts/python-gpu/xgboost/lib/libxgboost.so,ok,True,,,24.298182405007537,22.496947219013236,22.617068856023252,7.152557373046875e-07,2.0394926636413402e-08,5.364418029785156e-06,
adult-large,cuda,quadratureshap,1,1000,0.18636643131806827,0.0015576329017490892,/home/rorym/xgboost-worktrees/quadrature-figure1/experiments/2026-09-21-quadrature-correction/artifacts/python-gpu/xgboost/lib/libxgboost.so,ok,True,0.06461312621831894,3.8646719455718994,0.1866374029777944,0.18433773098513484,0.18812415999127552,,,,
adult-large,cuda,quadratureshap,2,100,0.15820259567893422,8.025323371286161e-05,/home/rorym/xgboost-worktrees/quadrature-figure1/experiments/2026-09-21-quadrature-correction/artifacts/python-gpu/xgboost/lib/libxgboost.so,ok,True,,,0.15827770601026714,0.1580913540092297,0.1582387270173058,3.5762786865234375e-06,1.8376661614638579e-07,0.0,
adult-large,cuda,treeshap,1,1000,0.3951708693251324,0.004668185450898191,/home/rorym/xgboost-worktrees/quadrature-figure1/experiments/2026-09-21-quadrature-correction/artifacts/python-gpu/xgboost/lib/libxgboost.so,ok,True,0.201032355427742,3.9940757751464844,0.4017457699519582,0.39239911700133234,0.3913677210221067,,,,
adult-large,cuda,treeshap,2,100,0.48266304765517515,0.0027068515459969275,/home/rorym/xgboost-worktrees/quadrature-figure1/experiments/2026-09-21-quadrature-correction/artifacts/python-gpu/xgboost/lib/libxgboost.so,ok,True,,,0.486483373970259,0.4809635929996148,0.48054217599565163,0.0015353858470916748,3.1069348551682197e-06,5.960464477539063e-08,
adult-small,cpu,quadratureshap,1,1000,0.0018328303315987189,0.0006477080698779793,/home/rorym/xgboost-worktrees/quadrature-figure1/experiments/2026-09-21-quadrature-correction/artifacts/python-gpu/xgboost/lib/libxgboost.so,ok,True,9.316205762388563e-08,3.5762786865234375e-07,0.002744908968452364,0.0013034900184720755,0.0014500920078717172,,,,
adult-small,cpu,quadratureshap,2,100,0.0013326889796492953,0.00036269681383696605,/home/rorym/xgboost-worktrees/quadrature-figure1/experiments/2026-09-21-quadrature-correction/artifacts/python-gpu/xgboost/lib/libxgboost.so,ok,True,,,0.0018455259851180017,0.0010677779791876674,0.0010847629746422172,8.940696716308594e-08,1.6587270446066782e-09,0.0,
adult-small,cpu,treeshap,1,1000,0.002128596999682486,0.00048387989445220506,/home/rorym/xgboost-worktrees/quadrature-figure1/experiments/2026-09-21-quadrature-correction/artifacts/python-gpu/xgboost/lib/libxgboost.so,ok,True,9.322166505398854e-08,2.384185791015625e-07,0.0027953439857810736,0.0016618219669908285,0.001928625046275556,,,,
adult-small,cpu,treeshap,2,100,0.008241541664271304,0.0003026718189592289,/home/rorym/xgboost-worktrees/quadrature-figure1/experiments/2026-09-21-quadrature-correction/artifacts/python-gpu/xgboost/lib/libxgboost.so,ok,True,,,0.007831563998479396,0.008553086023312062,0.008339974971022457,1.862645149230957e-08,6.706609156914567e-10,2.514570951461792e-08,
adult-small,cuda,quadratureshap,1,1000,0.0005391943462503453,0.00015766030025615835,/home/rorym/xgboost-worktrees/quadrature-figure1/experiments/2026-09-21-quadrature-correction/artifacts/python-gpu/xgboost/lib/libxgboost.so,ok,True,0.0013424071948975325,0.20523786544799805,0.0007620509713888168,0.0004337950376793742,0.0004217370296828449,,,,
adult-small,cuda,quadratureshap,2,100,0.0006975133049612244,0.0001405564702968243,/home/rorym/xgboost-worktrees/quadrature-figure1/experiments/2026-09-21-quadrature-correction/artifacts/python-gpu/xgboost/lib/libxgboost.so,ok,True,,,0.0008962879655882716,0.0005973149673081934,0.0005989369819872081,5.960464477539063e-08,1.2426984996594115e-09,0.0,
adult-small,cuda,treeshap,1,1000,0.00419066035343955,0.00044523405869334015,/home/rorym/xgboost-worktrees/quadrature-figure1/experiments/2026-09-21-quadrature-correction/artifacts/python-gpu/xgboost/lib/libxgboost.so,ok,True,0.0013424124335870147,0.2052379846572876,0.004820075002498925,0.003860855009406805,0.003891051048412919,,,,
adult-small,cuda,treeshap,2,100,0.004058638005517423,0.0002805796192928521,/home/rorym/xgboost-worktrees/quadrature-figure1/experiments/2026-09-21-quadrature-correction/artifacts/python-gpu/xgboost/lib/libxgboost.so,ok,True,,,0.004453256027773023,0.003897312970366329,0.003825345018412918,2.9802322387695312e-08,6.526435503140249e-10,3.725290298461914e-09,
adult-sparse,cpu,quadratureshap,1,1000,0.21334019800027212,0.01642552892003364,/home/rorym/xgboost-worktrees/quadrature-figure1/experiments/2026-09-21-quadrature-correction/artifacts/python-gpu/xgboost/lib/libxgboost.so,ok,True,2.364399875887102e-07,1.430511474609375e-06,0.19701836298918352,0.20718695200048387,0.23581527901114896,,,,
adult-sparse,cpu,quadratureshap,2,100,0.1384390076661172,0.013201118986916432,/home/rorym/xgboost-worktrees/quadrature-figure1/experiments/2026-09-21-quadrature-correction/artifacts/python-gpu/xgboost/lib/libxgboost.so,ok,True,,,0.1216185360099189,0.13983439397998154,0.15386409300845116,1.5497207641601562e-06,7.878374219671969e-08,0.0,
adult-sparse,cpu,treeshap,1,1000,0.6325407980087524,0.0510617314665878,/home/rorym/xgboost-worktrees/quadrature-figure1/experiments/2026-09-21-quadrature-correction/artifacts/python-gpu/xgboost/lib/libxgboost.so,ok,True,2.4826778144415584e-07,1.430511474609375e-06,0.6807326920097694,0.5618711819988675,0.6550185200176202,,,,
adult-sparse,cpu,treeshap,2,100,2.097955889670023,0.04246332189532856,/home/rorym/xgboost-worktrees/quadrature-figure1/experiments/2026-09-21-quadrature-correction/artifacts/python-gpu/xgboost/lib/libxgboost.so,ok,True,,,2.068951372988522,2.1579966379795223,2.066919658042025,3.5762786865234375e-07,8.285268471297513e-09,5.21540641784668e-07,
adult-sparse,cuda,quadratureshap,1,1000,0.01712164666969329,0.0014184472037375305,/home/rorym/xgboost-worktrees/quadrature-figure1/experiments/2026-09-21-quadrature-correction/artifacts/python-gpu/xgboost/lib/libxgboost.so,ok,True,0.013518289662897587,1.3974734544754028,0.019092905975412577,0.016457872989121825,0.01581416104454547,,,,
adult-sparse,cuda,quadratureshap,2,100,0.015774490660987794,0.0009382718684557536,/home/rorym/xgboost-worktrees/quadrature-figure1/experiments/2026-09-21-quadrature-correction/artifacts/python-gpu/xgboost/lib/libxgboost.so,ok,True,,,0.017098296026233584,0.015191236976534128,0.015033938980195671,1.1324882507324219e-06,4.721338697777355e-08,0.0,
adult-sparse,cuda,treeshap,1,1000,0.03040295934382205,0.0007930858504239322,/home/rorym/xgboost-worktrees/quadrature-figure1/experiments/2026-09-21-quadrature-correction/artifacts/python-gpu/xgboost/lib/libxgboost.so,ok,True,0.044444914907217026,1.3974730968475342,0.03152028803015128,0.029759677010588348,0.02992891299072653,,,,
adult-sparse,cuda,treeshap,2,100,0.03974679133777196,0.0002820325735937467,/home/rorym/xgboost-worktrees/quadrature-figure1/experiments/2026-09-21-quadrature-correction/artifacts/python-gpu/xgboost/lib/libxgboost.so,ok,True,,,0.04002054198645055,0.03986113105202094,0.039358700974844396,0.0011402368545532227,1.1355920833011623e-05,2.9802322387695312e-08,
cal_housing-large,cpu,quadratureshap,1,1000,15.553756865653364,0.9800327649133821,/home/rorym/xgboost-worktrees/quadrature-figure1/experiments/2026-09-21-quadrature-correction/artifacts/python-gpu/xgboost/lib/libxgboost.so,ok,True,1.411408220519661e-06,9.059906005859375e-06,16.76874799700454,15.523793760978151,14.368728838977404,,,,
cal_housing-large,cpu,quadratureshap,2,100,8.46763663199575,0.3311795833314344,/home/rorym/xgboost-worktrees/quadrature-figure1/experiments/2026-09-21-quadrature-correction/artifacts/python-gpu/xgboost/lib/libxgboost.so,ok,True,,,8.004875585029367,8.63649488199735,8.761539428960532,9.512901306152344e-05,5.187732313061133e-06,0.0,
cal_housing-large,cpu,treeshap,1,1000,32.400064415996894,2.0624394769682466,/home/rorym/xgboost-worktrees/quadrature-figure1/experiments/2026-09-21-quadrature-correction/artifacts/python-gpu/xgboost/lib/libxgboost.so,ok,True,1.4154016980683082e-06,9.059906005859375e-06,34.394527802011,33.245947408955544,29.55971803702414,,,,
cal_housing-large,cpu,treeshap,2,100,34.73955580099331,2.175956083816596,/home/rorym/xgboost-worktrees/quadrature-figure1/experiments/2026-09-21-quadrature-correction/artifacts/python-gpu/xgboost/lib/libxgboost.so,ok,True,,,37.78461718803737,32.83247578697046,33.60157442797208,1.341104507446289e-07,7.300898108297815e-09,2.816319465637207e-06,
cal_housing-large,cuda,quadratureshap,1,1000,1.0734547913501349,0.007200603522887709,/home/rorym/xgboost-worktrees/quadrature-figure1/experiments/2026-09-21-quadrature-correction/artifacts/python-gpu/xgboost/lib/libxgboost.so,ok,True,2.9768467356916517e-05,0.00023818016052246094,1.0835005010012537,1.0698761750245467,1.0669876980246045,,,,
cal_housing-large,cuda,quadratureshap,2,100,0.9419185289686235,0.0011195619780472155,/home/rorym/xgboost-worktrees/quadrature-figure1/experiments/2026-09-21-quadrature-correction/artifacts/python-gpu/xgboost/lib/libxgboost.so,ok,True,,,0.9405194199644029,0.9419762119650841,0.9432599549763836,3.933906555175781e-06,2.0695351565791498e-07,0.0,
cal_housing-large,cuda,treeshap,1,1000,2.430691284670805,0.0070746084484081175,/home/rorym/xgboost-worktrees/quadrature-figure1/experiments/2026-09-21-quadrature-correction/artifacts/python-gpu/xgboost/lib/libxgboost.so,ok,True,5.278587309476279e-07,4.76837158203125e-06,2.421830653969664,2.4391455340082757,2.431097666034475,,,,
cal_housing-large,cuda,treeshap,2,100,2.582773684989661,0.06063260846363981,/home/rorym/xgboost-worktrees/quadrature-figure1/experiments/2026-09-21-quadrature-correction/artifacts/python-gpu/xgboost/lib/libxgboost.so,ok,True,,,2.6598165460163727,2.511652131972369,2.5768523769802414,1.1920928955078125e-07,7.079175468049925e-09,2.9802322387695312e-08,
cal_housing-small,cpu,quadratureshap,1,1000,0.004321921985441198,0.0008564273048454004,/home/rorym/xgboost-worktrees/quadrature-figure1/experiments/2026-09-21-quadrature-correction/artifacts/python-gpu/xgboost/lib/libxgboost.so,ok,True,1.420974768961969e-07,7.152557373046875e-07,0.005499151011463255,0.0034867299837060273,0.003979884961154312,,,,
cal_housing-small,cpu,quadratureshap,2,100,0.0018577573355287313,0.00046279896566212475,/home/rorym/xgboost-worktrees/quadrature-figure1/experiments/2026-09-21-quadrature-correction/artifacts/python-gpu/xgboost/lib/libxgboost.so,ok,True,,,0.00251211499562487,0.0015422559808939695,0.0015189010300673544,4.470348358154297e-08,1.565132246028611e-09,0.0,
cal_housing-small,cpu,treeshap,1,1000,0.0036968636559322476,0.0002738684653160571,/home/rorym/xgboost-worktrees/quadrature-figure1/experiments/2026-09-21-quadrature-correction/artifacts/python-gpu/xgboost/lib/libxgboost.so,ok,True,1.4376639967395022e-07,7.152557373046875e-07,0.004084171960130334,0.0035035450127907097,0.0035028739948756993,,,,
cal_housing-small,cpu,treeshap,2,100,0.0051124076708219945,0.0006565723730059563,/home/rorym/xgboost-worktrees/quadrature-figure1/experiments/2026-09-21-quadrature-correction/artifacts/python-gpu/xgboost/lib/libxgboost.so,ok,True,,,0.006039378000423312,0.004695563984569162,0.004602281027473509,1.4901161193847656e-08,5.230723632010381e-10,3.5390257835388184e-08,
cal_housing-small,cuda,quadratureshap,1,1000,0.0004892830232468744,0.00017380733106646585,/home/rorym/xgboost-worktrees/quadrature-figure1/experiments/2026-09-21-quadrature-correction/artifacts/python-gpu/xgboost/lib/libxgboost.so,ok,True,1.668930060816365e-08,2.384185791015625e-07,0.0007349710213020444,0.00037288403837010264,0.0003599940100684762,,,,
cal_housing-small,cuda,quadratureshap,2,100,0.0006470603402704,0.00013515695170841172,/home/rorym/xgboost-worktrees/quadrature-figure1/experiments/2026-09-21-quadrature-correction/artifacts/python-gpu/xgboost/lib/libxgboost.so,ok,True,,,0.0008381200022995472,0.0005563530139625072,0.0005467080045491457,4.470348358154297e-08,1.2885781330851387e-09,0.0,
cal_housing-small,cuda,treeshap,1,1000,0.0038483390041316548,0.0005205987819269294,/home/rorym/xgboost-worktrees/quadrature-figure1/experiments/2026-09-21-quadrature-correction/artifacts/python-gpu/xgboost/lib/libxgboost.so,ok,True,1.442432395748483e-08,2.384185791015625e-07,0.004584367969073355,0.0034955120063386858,0.0034651370369829237,,,,
cal_housing-small,cuda,treeshap,2,100,0.0034772573465791843,0.00028322016463601824,/home/rorym/xgboost-worktrees/quadrature-figure1/experiments/2026-09-21-quadrature-correction/artifacts/python-gpu/xgboost/lib/libxgboost.so,ok,True,,,0.003873608016874641,0.003329083032440394,0.003229080990422517,1.4901161193847656e-08,4.382613161268978e-10,2.3283064365386963e-09,
cal_housing-sparse,cpu,quadratureshap,1,1000,0.2165693793212995,0.03906258398927099,/home/rorym/xgboost-worktrees/quadrature-figure1/experiments/2026-09-21-quadrature-correction/artifacts/python-gpu/xgboost/lib/libxgboost.so,ok,True,3.8886071251909016e-07,2.1457672119140625e-06,0.16900509601691738,0.21601929096505046,0.26468375098193064,,,,
cal_housing-sparse,cpu,quadratureshap,2,100,0.11773728396898757,0.004120389109151795,/home/rorym/xgboost-worktrees/quadrature-figure1/experiments/2026-09-21-quadrature-correction/artifacts/python-gpu/xgboost/lib/libxgboost.so,ok,True,,,0.12330189096974209,0.116452568967361,0.1134573919698596,1.9669532775878906e-06,1.0183050846990227e-07,0.0,
cal_housing-sparse,cpu,treeshap,1,1000,0.3479330419989613,0.018098248168248763,/home/rorym/xgboost-worktrees/quadrature-figure1/experiments/2026-09-21-quadrature-correction/artifacts/python-gpu/xgboost/lib/libxgboost.so,ok,True,3.881454517795646e-07,2.1457672119140625e-06,0.37269424099940807,0.34116333798738196,0.3299415470100939,,,,
cal_housing-sparse,cpu,treeshap,2,100,0.5215322863271771,0.017653525666671478,/home/rorym/xgboost-worktrees/quadrature-figure1/experiments/2026-09-21-quadrature-correction/artifacts/python-gpu/xgboost/lib/libxgboost.so,ok,True,,,0.5243223569705151,0.5416228760150261,0.4986516259959899,1.1920928955078125e-07,4.981921097879649e-09,3.6461278796195984e-07,
cal_housing-sparse,cuda,quadratureshap,1,1000,0.013605499329666296,0.001375487059205879,/home/rorym/xgboost-worktrees/quadrature-figure1/experiments/2026-09-21-quadrature-correction/artifacts/python-gpu/xgboost/lib/libxgboost.so,ok,True,5.559921305575699e-07,3.0994415283203125e-06,0.0155474380007945,0.012732522969599813,0.012536537018604577,,,,
cal_housing-sparse,cuda,quadratureshap,2,100,0.016044018654307973,0.0009208502355127445,/home/rorym/xgboost-worktrees/quadrature-figure1/experiments/2026-09-21-quadrature-correction/artifacts/python-gpu/xgboost/lib/libxgboost.so,ok,True,,,0.01734213496092707,0.015485061972867697,0.015304859029129148,7.152557373046875e-07,3.69884780582197e-08,0.0,
cal_housing-sparse,cuda,treeshap,1,1000,0.023316035338211805,0.0010931652470744988,/home/rorym/xgboost-worktrees/quadrature-figure1/experiments/2026-09-21-quadrature-correction/artifacts/python-gpu/xgboost/lib/libxgboost.so,ok,True,8.928775940830747e-08,9.5367431640625e-07,0.024846522021107376,0.02236178598832339,0.022739798005204648,,,,
cal_housing-sparse,cuda,treeshap,2,100,0.02713139735472699,0.00041549654051001897,/home/rorym/xgboost-worktrees/quadrature-figure1/experiments/2026-09-21-quadrature-correction/artifacts/python-gpu/xgboost/lib/libxgboost.so,ok,True,,,0.027590626035816967,0.027219253999646753,0.02658431202871725,8.940696716308594e-08,4.2527883437060154e-09,1.4901161193847656e-08,
covtype-large,cpu,quadratureshap,1,1000,0.031706067985699825,0.0004959388514185948,/home/rorym/xgboost-worktrees/quadrature-figure1/experiments/2026-09-21-quadrature-correction/artifacts/python-gpu/xgboost/lib/libxgboost.so,ok,True,1.93919991176017e-08,2.980232238769531e-07,0.03219411097234115,0.031025820004288107,0.03189827298047021,,,,
covtype-large,cpu,quadratureshap,2,100,0.0322216153338862,0.0011981642406700798,/home/rorym/xgboost-worktrees/quadrature-figure1/experiments/2026-09-21-quadrature-correction/artifacts/python-gpu/xgboost/lib/libxgboost.so,ok,True,,,0.03390854503959417,0.0315163439954631,0.031239956966601312,1.7881393432617188e-07,7.71983726943759e-11,0.0,
covtype-large,cpu,treeshap,1,1000,0.1496205646544695,0.0022371254606727187,/home/rorym/xgboost-worktrees/quadrature-figure1/experiments/2026-09-21-quadrature-correction/artifacts/python-gpu/xgboost/lib/libxgboost.so,ok,True,2.5637447720328055e-08,3.2186508178710938e-06,0.14774416398722678,0.14835276501253247,0.1527647649636492,,,,
covtype-large,cpu,treeshap,2,100,1.645835027991173,0.03458551405738123,/home/rorym/xgboost-worktrees/quadrature-figure1/experiments/2026-09-21-quadrature-correction/artifacts/python-gpu/xgboost/lib/libxgboost.so,ok,True,,,1.665663552004844,1.67464232200291,1.5971992099657655,1.1920928955078125e-07,6.456141177224595e-11,8.046627044677734e-07,
covtype-large,cuda,quadratureshap,1,1000,0.011173520004376769,0.0005446756984340281,/home/rorym/xgboost-worktrees/quadrature-figure1/experiments/2026-09-21-quadrature-correction/artifacts/python-gpu/xgboost/lib/libxgboost.so,ok,True,1.985766040490944e-08,2.384185791015625e-07,0.01194119401043281,0.010844591015484184,0.010734774987213314,,,,
covtype-large,cuda,quadratureshap,2,100,0.0971073853240038,0.0012550999396375223,/home/rorym/xgboost-worktrees/quadrature-figure1/experiments/2026-09-21-quadrature-correction/artifacts/python-gpu/xgboost/lib/libxgboost.so,ok,True,,,0.09888142900308594,0.09627026895759627,0.09617045801132917,1.4901161193847656e-07,7.240383986806265e-11,0.0,
covtype-large,cuda,treeshap,1,1000,0.013006296338668713,0.0012719507623873603,/home/rorym/xgboost-worktrees/quadrature-figure1/experiments/2026-09-21-quadrature-correction/artifacts/python-gpu/xgboost/lib/libxgboost.so,ok,True,1.7438084753962357e-08,1.0132789611816406e-06,0.014781631005462259,0.012369484000373632,0.011867774010170251,,,,
covtype-large,cuda,treeshap,2,100,0.01644731000609075,0.0013243856492980003,/home/rorym/xgboost-worktrees/quadrature-figure1/experiments/2026-09-21-quadrature-correction/artifacts/python-gpu/xgboost/lib/libxgboost.so,ok,True,,,0.018320182978641242,0.015494869032409042,0.015526878007221967,5.960464477539063e-08,4.3684032086099833e-11,4.377216100692749e-08,
covtype-small,cpu,quadratureshap,1,1000,0.0013379656593315303,0.00040129820778085585,/home/rorym/xgboost-worktrees/quadrature-figure1/experiments/2026-09-21-quadrature-correction/artifacts/python-gpu/xgboost/lib/libxgboost.so,ok,True,3.1208617912170666e-08,2.384185791015625e-07,0.001905138953588903,0.0010371680255047977,0.0010715899989008904,,,,
covtype-small,cpu,quadratureshap,2,100,0.0020232849832003317,0.0008954772877072646,/home/rorym/xgboost-worktrees/quadrature-figure1/experiments/2026-09-21-quadrature-correction/artifacts/python-gpu/xgboost/lib/libxgboost.so,ok,True,,,0.003282081976067275,0.001513852970674634,0.0012739200028590858,1.7881393432617188e-07,3.9982378519098916e-11,0.0,
covtype-small,cpu,treeshap,1,1000,0.002004115318413824,0.0003134920400843925,/home/rorym/xgboost-worktrees/quadrature-figure1/experiments/2026-09-21-quadrature-correction/artifacts/python-gpu/xgboost/lib/libxgboost.so,ok,True,4.318729196484128e-08,2.384185791015625e-07,0.002446706988848746,0.001805187959689647,0.0017604510067030787,,,,
covtype-small,cpu,treeshap,2,100,0.02735911769559607,0.0021540373288457615,/home/rorym/xgboost-worktrees/quadrature-figure1/experiments/2026-09-21-quadrature-correction/artifacts/python-gpu/xgboost/lib/libxgboost.so,ok,True,,,0.03023653302807361,0.026786537026055157,0.02505428303265944,1.1920928955078125e-07,3.63747643117307e-11,1.0803341865539551e-07,
covtype-small,cuda,quadratureshap,1,1000,0.0009322790040945014,0.0005877938954903023,/home/rorym/xgboost-worktrees/quadrature-figure1/experiments/2026-09-21-quadrature-correction/artifacts/python-gpu/xgboost/lib/libxgboost.so,ok,True,3.114715241281374e-08,2.384185791015625e-07,0.0017631850205361843,0.0005380130023695529,0.0004956389893777668,,,,
covtype-small,cuda,quadratureshap,2,100,0.006103715975768864,0.0011779171123223286,/home/rorym/xgboost-worktrees/quadrature-figure1/experiments/2026-09-21-quadrature-correction/artifacts/python-gpu/xgboost/lib/libxgboost.so,ok,True,,,0.007767606992274523,0.005341290961951017,0.005202249973081052,1.7881393432617188e-07,3.333347833867073e-11,0.0,
covtype-small,cuda,treeshap,1,1000,0.00438895367551595,0.0009239780898889549,/home/rorym/xgboost-worktrees/quadrature-figure1/experiments/2026-09-21-quadrature-correction/artifacts/python-gpu/xgboost/lib/libxgboost.so,ok,True,3.111548707579459e-08,2.384185791015625e-07,0.005693255050573498,0.003805371990893036,0.003668233985081315,,,,
covtype-small,cuda,treeshap,2,100,0.005381177683981757,0.0009753015121211847,/home/rorym/xgboost-worktrees/quadrature-figure1/experiments/2026-09-21-quadrature-correction/artifacts/python-gpu/xgboost/lib/libxgboost.so,ok,True,,,0.006759940006304532,0.004658927035052329,0.0047246660105884075,1.1920928955078125e-07,2.5214648077809265e-11,3.3527612686157227e-08,
covtype-sparse,cpu,quadratureshap,1,1000,0.006333405326586217,0.00027147919613810357,/home/rorym/xgboost-worktrees/quadrature-figure1/experiments/2026-09-21-quadrature-correction/artifacts/python-gpu/xgboost/lib/libxgboost.so,ok,True,1.2131407878257505e-08,2.384185791015625e-07,0.006605844013392925,0.005962911993265152,0.006431459973100573,,,,
covtype-sparse,cpu,quadratureshap,2,100,0.007964227988850325,0.001302470343478718,/home/rorym/xgboost-worktrees/quadrature-figure1/experiments/2026-09-21-quadrature-correction/artifacts/python-gpu/xgboost/lib/libxgboost.so,ok,True,,,0.009747522010002285,0.006673155992757529,0.007472005963791162,1.043081283569336e-07,6.512717448670102e-11,0.0,
covtype-sparse,cpu,treeshap,1,1000,0.03301310098807638,0.00036750059016032874,/home/rorym/xgboost-worktrees/quadrature-figure1/experiments/2026-09-21-quadrature-correction/artifacts/python-gpu/xgboost/lib/libxgboost.so,ok,True,3.302842443986265e-08,9.119510650634766e-06,0.03283486497821286,0.03352501796325669,0.03267942002275959,,,,
covtype-sparse,cpu,treeshap,2,100,0.31100109467903775,0.002982230013838846,/home/rorym/xgboost-worktrees/quadrature-figure1/experiments/2026-09-21-quadrature-correction/artifacts/python-gpu/xgboost/lib/libxgboost.so,ok,True,,,0.3138053850270808,0.31232704600552097,0.30687085300451145,8.940696716308594e-08,6.165485483267119e-11,1.255422830581665e-06,
covtype-sparse,cuda,quadratureshap,1,1000,0.0023190913489088416,0.0009929047800192263,/home/rorym/xgboost-worktrees/quadrature-figure1/experiments/2026-09-21-quadrature-correction/artifacts/python-gpu/xgboost/lib/libxgboost.so,ok,True,1.1900439744749747e-08,2.384185791015625e-07,0.0037221250240691006,0.001666689000558108,0.0015684600220993161,,,,
covtype-sparse,cuda,quadratureshap,2,100,0.01505396532593295,0.001217136874963675,/home/rorym/xgboost-worktrees/quadrature-figure1/experiments/2026-09-21-quadrature-correction/artifacts/python-gpu/xgboost/lib/libxgboost.so,ok,True,,,0.016772891976870596,0.014272614964284003,0.01411638903664425,5.960464477539063e-08,6.288802117948578e-11,0.0,
covtype-sparse,cuda,treeshap,1,1000,0.007496479665860534,0.0008956522993014566,/home/rorym/xgboost-worktrees/quadrature-figure1/experiments/2026-09-21-quadrature-correction/artifacts/python-gpu/xgboost/lib/libxgboost.so,ok,True,1.2099742541238356e-08,9.5367431640625e-07,0.008759337943047285,0.006949793023522943,0.006780308031011373,,,,
covtype-sparse,cuda,treeshap,2,100,0.013276617663602034,0.0011285512885356017,/home/rorym/xgboost-worktrees/quadrature-figure1/experiments/2026-09-21-quadrature-correction/artifacts/python-gpu/xgboost/lib/libxgboost.so,ok,True,,,0.01487259496934712,0.012487813015468419,0.012469445005990565,5.960464477539063e-08,3.9398494883213786e-11,4.307366907596588e-08,
fashion_mnist-large,cpu,quadratureshap,1,1000,4.866730203658032,0.03666449689930417,/home/rorym/xgboost-worktrees/quadrature-figure1/experiments/2026-09-21-quadrature-correction/artifacts/python-gpu/xgboost/lib/libxgboost.so,ok,True,1.9776848603214603e-06,1.049041748046875e-05,4.81937741098227,4.908701756969094,4.872111443022732,,,,
fashion_mnist-large,cpu,quadratureshap,2,100,6.8260970176779665,0.20037823664221063,/home/rorym/xgboost-worktrees/quadrature-figure1/experiments/2026-09-21-quadrature-correction/artifacts/python-gpu/xgboost/lib/libxgboost.so,ok,True,,,6.776055734953843,6.609562160039786,7.09267315804027,5.602836608886719e-06,6.98983315672308e-09,0.0,
fashion_mnist-large,cpu,treeshap,1,1000,42.60109897633083,0.6834356158148386,/home/rorym/xgboost-worktrees/quadrature-figure1/experiments/2026-09-21-quadrature-correction/artifacts/python-gpu/xgboost/lib/libxgboost.so,ok,True,2.3861216504883487e-06,1.430511474609375e-05,42.997497709002346,43.16629819199443,41.63950102799572,,,,
fashion_mnist-large,cpu,treeshap,2,,,,,timeout,,,,,,,,,,"Command '['/home/rorym/miniforge3/envs/xgboost/bin/python', '/home/rorym/xgboost-worktrees/quadrature-figure1/experiments/2026-09-21-quadrature-correction/timing_case.py', 'fashion_mnist-large', 'cpu', 'treeshap', '2', '/home/rorym/xgboost-worktrees/quadrature-figure1/experiments/2026-09-21-quadrature-correction/artifacts/timings/fashion_mnist-large-cpu-treeshap-order2.json']' timed out after 599.9999925180455 seconds"
fashion_mnist-large,cuda,quadratureshap,1,1000,0.7692871489950145,0.007110228251503592,/home/rorym/xgboost-worktrees/quadrature-figure1/experiments/2026-09-21-quadrature-correction/artifacts/python-gpu/xgboost/lib/libxgboost.so,ok,True,2.100860228892998e-06,1.1920928955078125e-05,0.7793421340174973,0.7643369599827565,0.7641823529847898,,,,
fashion_mnist-large,cuda,quadratureshap,2,100,2.88306012499379,0.11905994925968645,/home/rorym/xgboost-worktrees/quadrature-figure1/experiments/2026-09-21-quadrature-correction/artifacts/python-gpu/xgboost/lib/libxgboost.so,ok,True,,,3.0514341169619,2.7996190499980003,2.7981272080214694,3.2782554626464844e-06,5.28837995616982e-09,0.0,
fashion_mnist-large,cuda,treeshap,1,1000,2.270861820667051,0.00797636915617206,/home/rorym/xgboost-worktrees/quadrature-figure1/experiments/2026-09-21-quadrature-correction/artifacts/python-gpu/xgboost/lib/libxgboost.so,ok,True,4.469768555281917e-06,3.8623809814453125e-05,2.2612808480043896,2.280808606010396,2.2704960079863667,,,,
fashion_mnist-large,cuda,treeshap,2,100,5.224537273015206,0.09822874147531763,/home/rorym/xgboost-worktrees/quadrature-figure1/experiments/2026-09-21-quadrature-correction/artifacts/python-gpu/xgboost/lib/libxgboost.so,ok,True,,,5.363444622023962,5.153708908997942,5.156458288023714,5.960464477539062e-07,9.286063029634306e-10,1.73225998878479e-07,
fashion_mnist-small,cpu,quadratureshap,1,1000,0.016022899692567687,0.0019107867469542938,/home/rorym/xgboost-worktrees/quadrature-figure1/experiments/2026-09-21-quadrature-correction/artifacts/python-gpu/xgboost/lib/libxgboost.so,ok,True,6.666465157678658e-09,8.940696716308594e-08,0.018654964049346745,0.015236807987093925,0.014176927041262388,,,,
fashion_mnist-small,cpu,quadratureshap,2,100,0.36353497797002393,0.017490180908551867,/home/rorym/xgboost-worktrees/quadrature-figure1/experiments/2026-09-21-quadrature-correction/artifacts/python-gpu/xgboost/lib/libxgboost.so,ok,True,,,0.38817910896614194,0.3530458739842288,0.3493799509597011,1.7881393432617188e-07,3.7618071851985846e-11,0.0,
fashion_mnist-small,cpu,treeshap,1,1000,0.03522584135256087,0.001530794911355034,/home/rorym/xgboost-worktrees/quadrature-figure1/experiments/2026-09-21-quadrature-correction/artifacts/python-gpu/xgboost/lib/libxgboost.so,ok,True,6.678362751699751e-09,1.1920928955078125e-07,0.03716073202667758,0.03509931702865288,0.03341747500235215,,,,
fashion_mnist-small,cpu,treeshap,2,100,5.998857016015488,0.034844835780352926,/home/rorym/xgboost-worktrees/quadrature-figure1/experiments/2026-09-21-quadrature-correction/artifacts/python-gpu/xgboost/lib/libxgboost.so,ok,True,,,6.021759428025689,5.949618861021008,6.025192758999765,1.1920928955078125e-07,2.8207689656278845e-11,3.3527612686157227e-08,
fashion_mnist-small,cuda,quadratureshap,1,1000,0.007198192334423463,0.0029472649207331727,/home/rorym/xgboost-worktrees/quadrature-figure1/experiments/2026-09-21-quadrature-correction/artifacts/python-gpu/xgboost/lib/libxgboost.so,ok,True,7.098645227188172e-09,1.1920928955078125e-07,0.011363284022081643,0.005251896975096315,0.004979396006092429,,,,
fashion_mnist-small,cuda,quadratureshap,2,100,2.015773953656511,0.12063830798372845,/home/rorym/xgboost-worktrees/quadrature-figure1/experiments/2026-09-21-quadrature-correction/artifacts/python-gpu/xgboost/lib/libxgboost.so,ok,True,,,2.1863822649465874,1.9303982520359568,1.930541343986988,1.9371509552001953e-07,3.69958889911981e-11,0.0,
fashion_mnist-small,cuda,treeshap,1,1000,0.013793597017259648,0.003969813755541218,/home/rorym/xgboost-worktrees/quadrature-figure1/experiments/2026-09-21-quadrature-correction/artifacts/python-gpu/xgboost/lib/libxgboost.so,ok,True,1.0575435638315867e-08,1.4901161193847656e-07,0.019388273009099066,0.01140102103818208,0.010591497004497796,,,,
fashion_mnist-small,cuda,treeshap,2,100,0.4537116610057031,0.1182489758753574,/home/rorym/xgboost-worktrees/quadrature-figure1/experiments/2026-09-21-quadrature-correction/artifacts/python-gpu/xgboost/lib/libxgboost.so,ok,True,,,0.620940939988941,0.37017845502123237,0.370015588006936,5.960464477539063e-08,1.4815161250569808e-11,1.1175870895385742e-08,
fashion_mnist-sparse,cpu,quadratureshap,1,1000,0.6379696529863091,0.026665728180087143,/home/rorym/xgboost-worktrees/quadrature-figure1/experiments/2026-09-21-quadrature-correction/artifacts/python-gpu/xgboost/lib/libxgboost.so,ok,True,9.518126375951397e-08,1.1920928955078125e-06,0.6756743579753675,0.6197156359557994,0.6185189650277607,,,,
fashion_mnist-sparse,cpu,quadratureshap,2,100,1.2931589310173877,0.027591703870009008,/home/rorym/xgboost-worktrees/quadrature-figure1/experiments/2026-09-21-quadrature-correction/artifacts/python-gpu/xgboost/lib/libxgboost.so,ok,True,,,1.2556910670245998,1.3213306890102103,1.3024550370173529,1.1920928955078125e-06,1.002465777055761e-09,0.0,
fashion_mnist-sparse,cpu,treeshap,1,1000,6.605342778998117,0.02000278148122999,/home/rorym/xgboost-worktrees/quadrature-figure1/experiments/2026-09-21-quadrature-correction/artifacts/python-gpu/xgboost/lib/libxgboost.so,ok,True,0.6101122498512268,166.966796875,6.581225786008872,6.630205371999182,6.604597178986296,,,,
fashion_mnist-sparse,cpu,treeshap,2,,,,,timeout,,,,,,,,,,"Command '['/home/rorym/miniforge3/envs/xgboost/bin/python', '/home/rorym/xgboost-worktrees/quadrature-figure1/experiments/2026-09-21-quadrature-correction/timing_case.py', 'fashion_mnist-sparse', 'cpu', 'treeshap', '2', '/home/rorym/xgboost-worktrees/quadrature-figure1/experiments/2026-09-21-quadrature-correction/artifacts/timings/fashion_mnist-sparse-cpu-treeshap-order2.json']' timed out after 599.9999923380092 seconds"
fashion_mnist-sparse,cuda,quadratureshap,1,1000,0.11366377299418673,0.005167028164400795,/home/rorym/xgboost-worktrees/quadrature-figure1/experiments/2026-09-21-quadrature-correction/artifacts/python-gpu/xgboost/lib/libxgboost.so,ok,True,1.0841991837651221e-07,1.1920928955078125e-06,0.12097099696984515,0.11003522900864482,0.10998509300407022,,,,
fashion_mnist-sparse,cuda,quadratureshap,2,100,2.1515920040158867,0.11784508104201234,/home/rorym/xgboost-worktrees/quadrature-figure1/experiments/2026-09-21-quadrature-correction/artifacts/python-gpu/xgboost/lib/libxgboost.so,ok,True,,,2.3182500780094415,2.0681656619999558,2.0683602720382623,1.2218952178955078e-06,9.232594688768359e-10,0.0,
fashion_mnist-sparse,cuda,treeshap,1,,,,,error,,,,,,,,,,process exit 1; see case log
fashion_mnist-sparse,cuda,treeshap,2,,,,,error,,,,,,,,,,process exit 1; see case log
